t,j1,j2,j3,j4,j5,j6,x,y,z,rx,ry,rz
0.003,-45.125,-102.922,-70.808,-6.031,57.220,-141.077,320.988,-675.534,682.977,89.741,-39.052,12.257
0.013,-45.125,-102.922,-70.808,-6.031,57.219,-141.077,320.990,-675.534,682.973,89.742,-39.052,12.257
0.027,-45.125,-102.923,-70.809,-6.031,57.219,-141.077,321.001,-675.539,682.953,89.744,-39.051,12.256
0.033,-45.125,-102.923,-70.809,-6.031,57.219,-141.077,321.004,-675.540,682.950,89.744,-39.050,12.256
0.043,-45.125,-102.924,-70.809,-6.031,57.219,-141.077,321.004,-675.542,682.950,89.744,-39.051,12.256
0.053,-45.124,-102.924,-70.808,-6.031,57.220,-141.077,321.010,-675.538,682.955,89.743,-39.051,12.257
0.064,-45.124,-102.923,-70.808,-6.031,57.220,-141.077,321.002,-675.533,682.972,89.742,-39.052,12.258
0.073,-45.124,-102.922,-70.807,-6.031,57.220,-141.077,320.999,-675.528,682.985,89.740,-39.052,12.259
0.083,-45.125,-102.922,-70.807,-6.031,57.220,-141.077,320.983,-675.526,682.999,89.739,-39.053,12.259
0.096,-45.126,-102.922,-70.806,-6.031,57.220,-141.077,320.979,-675.529,683.000,89.739,-39.053,12.259
0.103,-45.126,-102.922,-70.807,-6.031,57.220,-141.077,320.979,-675.532,682.992,89.740,-39.053,12.258
0.113,-45.127,-102.922,-70.807,-6.032,57.220,-141.077,320.977,-675.540,682.981,89.741,-39.052,12.257
0.123,-45.127,-102.923,-70.808,-6.032,57.221,-141.077,320.978,-675.548,682.967,89.743,-39.051,12.255
0.133,-45.127,-102.923,-70.808,-6.032,57.221,-141.077,320.979,-675.551,682.962,89.743,-39.051,12.255
0.143,-45.127,-102.923,-70.807,-6.032,57.222,-141.077,320.978,-675.548,682.971,89.743,-39.051,12.256
0.153,-45.127,-102.922,-70.806,-6.032,57.222,-141.077,320.970,-675.542,682.994,89.740,-39.053,12.258
0.163,-45.127,-102.922,-70.806,-6.032,57.222,-141.077,320.969,-675.537,683.004,89.739,-39.053,12.259
0.173,-45.127,-102.921,-70.804,-6.032,57.222,-141.077,320.959,-675.531,683.027,89.737,-39.054,12.260
0.183,-45.127,-102.920,-70.804,-6.032,57.222,-141.077,320.961,-675.525,683.038,89.736,-39.055,12.261
0.193,-45.127,-102.920,-70.804,-6.032,57.223,-141.077,320.963,-675.524,683.040,89.736,-39.055,12.262
0.203,-45.127,-102.921,-70.804,-6.032,57.223,-141.077,320.971,-675.525,683.030,89.737,-39.054,12.262
0.213,-45.126,-102.922,-70.805,-6.032,57.223,-141.077,320.985,-675.527,683.016,89.738,-39.054,12.262
0.223,-45.126,-102.922,-70.805,-6.032,57.223,-141.077,320.988,-675.527,683.010,89.739,-39.054,12.262
0.233,-45.126,-102.921,-70.805,-6.032,57.223,-141.077,320.985,-675.526,683.013,89.738,-39.054,12.262
0.243,-45.126,-102.920,-70.804,-6.031,57.223,-141.077,320.974,-675.518,683.035,89.736,-39.055,12.263
0.253,-45.126,-102.920,-70.804,-6.031,57.223,-141.077,320.965,-675.514,683.051,89.734,-39.056,12.263
0.263,-45.127,-102.918,-70.803,-6.031,57.222,-141.077,320.947,-675.504,683.081,89.731,-39.057,12.265
0.273,-45.127,-102.917,-70.802,-6.031,57.222,-141.077,320.930,-675.498,683.106,89.729,-39.058,12.265
0.283,-45.127,-102.917,-70.801,-6.031,57.222,-141.077,320.928,-675.494,683.118,89.728,-39.059,12.266
0.293,-45.128,-102.916,-70.801,-6.031,57.222,-141.077,320.917,-675.494,683.124,89.727,-39.059,12.265
0.303,-45.129,-102.916,-70.801,-6.031,57.222,-141.077,320.903,-675.498,683.128,89.727,-39.059,12.265
0.313,-45.129,-102.916,-70.801,-6.031,57.222,-141.077,320.895,-675.500,683.130,89.727,-39.059,12.264
0.323,-45.130,-102.915,-70.801,-6.032,57.222,-141.077,320.884,-675.501,683.134,89.727,-39.059,12.263
0.333,-45.131,-102.916,-70.802,-6.032,57.222,-141.077,320.881,-675.509,683.122,89.728,-39.059,12.262
0.343,-45.130,-102.916,-70.802,-6.033,57.223,-141.077,320.890,-675.507,683.117,89.729,-39.058,12.262
0.353,-45.130,-102.916,-70.802,-6.034,57.223,-141.077,320.901,-675.510,683.102,89.732,-39.057,12.262
0.363,-45.130,-102.917,-70.802,-6.034,57.222,-141.077,320.904,-675.516,683.091,89.733,-39.056,12.260
0.373,-45.130,-102.917,-70.802,-6.034,57.222,-141.077,320.903,-675.517,683.091,89.733,-39.056,12.260
0.383,-45.131,-102.917,-70.802,-6.035,57.223,-141.077,320.897,-675.518,683.096,89.733,-39.056,12.260
0.393,-45.130,-102.916,-70.800,-6.036,57.224,-141.077,320.899,-675.508,683.115,89.732,-39.057,12.262
0.403,-45.130,-102.915,-70.800,-6.036,57.224,-141.077,320.895,-675.503,683.133,89.730,-39.058,12.264
0.413,-45.130,-102.914,-70.796,-6.035,57.224,-141.077,320.880,-675.485,683.194,89.724,-39.061,12.268
0.423,-45.130,-102.910,-70.787,-6.035,57.225,-141.077,320.850,-675.443,683.336,89.709,-39.068,12.278
0.433,-45.129,-102.907,-70.780,-6.034,57.225,-141.077,320.819,-675.407,683.454,89.698,-39.073,12.286
0.443,-45.130,-102.896,-70.759,-6.034,57.225,-141.077,320.703,-675.307,683.811,89.662,-39.091,12.307
0.453,-45.133,-102.882,-70.736,-6.033,57.224,-141.078,320.539,-675.186,684.229,89.622,-39.110,12.329
0.463,-45.134,-102.871,-70.721,-6.033,57.224,-141.078,320.427,-675.098,684.523,89.594,-39.124,12.346
0.473,-45.136,-102.844,-70.674,-6.034,57.225,-141.079,320.152,-674.854,685.353,89.514,-39.163,12.395
0.483,-45.137,-102.814,-70.621,-6.033,57.225,-141.079,319.852,-674.568,686.288,89.423,-39.207,12.452
0.493,-45.137,-102.796,-70.589,-6.034,57.226,-141.080,319.687,-674.396,686.847,89.369,-39.233,12.487
0.505,-45.136,-102.749,-70.519,-6.035,57.229,-141.082,319.277,-673.951,688.171,89.242,-39.293,12.572
0.513,-45.135,-102.691,-70.434,-6.036,57.235,-141.087,318.783,-673.405,689.786,89.086,-39.364,12.677
0.523,-45.134,-102.659,-70.387,-6.037,57.240,-141.092,318.527,-673.107,690.661,89.002,-39.400,12.736
0.533,-45.131,-102.597,-70.279,-6.044,57.253,-141.107,318.012,-672.485,692.541,88.824,-39.471,12.864
0.543,-45.129,-102.535,-70.159,-6.051,57.275,-141.129,317.514,-671.833,694.550,88.631,-39.542,13.012
0.553,-45.127,-102.505,-70.089,-6.054,57.291,-141.141,317.281,-671.484,695.654,88.524,-39.580,13.097
0.563,-45.122,-102.449,-69.930,-6.065,57.334,-141.163,316.883,-670.762,697.992,88.298,-39.665,13.289
0.573,-45.116,-102.397,-69.745,-6.086,57.396,-141.179,316.564,-670.022,700.495,88.059,-39.760,13.509
0.583,-45.113,-102.373,-69.649,-6.101,57.436,-141.185,316.449,-669.644,701.763,87.941,-39.808,13.627
0.593,-45.107,-102.331,-69.443,-6.139,57.541,-141.194,316.381,-668.891,704.320,87.704,-39.904,13.891
0.603,-45.098,-102.293,-69.224,-6.190,57.694,-141.199,316.554,-668.089,706.924,87.470,-40.000,14.202
0.613,-45.091,-102.273,-69.109,-6.217,57.783,-141.200,316.708,-667.646,708.290,87.346,-40.050,14.377
0.623,-45.077,-102.233,-68.875,-6.269,57.975,-141.204,317.075,-666.729,711.072,87.091,-40.151,14.748
0.633,-45.068,-102.193,-68.632,-6.319,58.198,-141.210,317.481,-665.776,713.965,86.820,-40.252,15.154
0.643,-45.066,-102.172,-68.511,-6.346,58.320,-141.214,317.697,-665.292,715.415,86.685,-40.299,15.365
0.653,-45.063,-102.123,-68.259,-6.413,58.580,-141.222,318.134,-664.248,718.461,86.408,-40.394,15.807
0.663,-45.064,-102.067,-68.001,-6.505,58.865,-141.229,318.578,-663.162,721.560,86.143,-40.480,16.261
0.673,-45.066,-102.038,-67.864,-6.561,59.013,-141.232,318.806,-662.601,723.162,86.011,-40.522,16.493
0.683,-45.069,-101.978,-67.590,-6.693,59.313,-141.241,319.261,-661.473,726.329,85.766,-40.591,16.948
0.694,-45.070,-101.923,-67.304,-6.839,59.620,-141.255,319.789,-660.331,729.516,85.526,-40.650,17.409
0.703,-45.070,-101.896,-67.163,-6.920,59.775,-141.263,320.077,-659.765,731.051,85.419,-40.673,17.632
0.713,-45.070,-101.846,-66.883,-7.109,60.092,-141.282,320.753,-658.675,733.954,85.240,-40.698,18.065
0.723,-45.069,-101.799,-66.603,-7.318,60.419,-141.309,321.502,-657.604,736.745,85.089,-40.702,18.488
0.733,-45.069,-101.775,-66.459,-7.435,60.587,-141.326,321.900,-657.064,738.135,85.023,-40.696,18.698
0.743,-45.069,-101.736,-66.168,-7.696,60.928,-141.371,322.783,-656.055,740.750,84.929,-40.659,19.096
0.753,-45.070,-101.699,-65.841,-8.015,61.293,-141.442,323.741,-655.014,743.501,84.865,-40.582,19.496
0.763,-45.070,-101.686,-65.716,-8.145,61.434,-141.481,324.131,-654.625,744.511,84.852,-40.538,19.642
0.773,-45.072,-101.648,-65.424,-8.474,61.762,-141.609,324.973,-653.699,746.856,84.847,-40.387,19.962
0.785,-45.073,-101.608,-65.138,-8.838,62.083,-141.769,325.807,-652.802,749.027,84.891,-40.189,20.241
0.794,-45.073,-101.585,-64.998,-9.030,62.240,-141.851,326.218,-652.346,750.074,84.925,-40.084,20.371
0.803,-45.072,-101.542,-64.709,-9.427,62.546,-142.035,326.996,-651.449,752.176,85.003,-39.853,20.614
0.813,-45.072,-101.497,-64.417,-9.850,62.834,-142.250,327.684,-650.577,754.227,85.109,-39.584,20.819
0.823,-45.072,-101.474,-64.268,-10.062,62.974,-142.368,327.995,-650.126,755.294,85.158,-39.441,20.920
0.833,-45.074,-101.431,-63.971,-10.489,63.242,-142.647,328.546,-649.281,757.352,85.270,-39.110,21.097
0.843,-45.076,-101.391,-63.670,-10.920,63.487,-142.958,328.983,-648.476,759.395,85.388,-38.748,21.246
0.853,-45.077,-101.374,-63.521,-11.137,63.602,-143.124,329.187,-648.109,760.358,85.454,-38.554,21.307
0.863,-45.081,-101.344,-63.204,-11.580,63.815,-143.459,329.499,-647.387,762.396,85.579,-38.169,21.418
0.873,-45.084,-101.322,-62.876,-12.016,64.010,-143.799,329.758,-646.702,764.465,85.693,-37.784,21.519
0.883,-45.084,-101.312,-62.707,-12.235,64.098,-143.972,329.854,-646.353,765.539,85.747,-37.590,21.564
0.893,-45.084,-101.288,-62.375,-12.668,64.263,-144.342,329.943,-645.650,767.688,85.851,-37.181,21.643
0.903,-45.086,-101.269,-62.040,-13.099,64.412,-144.735,329.974,-644.992,769.806,85.956,-36.750,21.705
0.913,-45.087,-101.260,-61.837,-13.351,64.488,-144.969,329.926,-644.615,771.096,86.012,-36.496,21.733
0.923,-45.089,-101.242,-61.514,-13.736,64.588,-145.329,329.712,-643.994,773.242,86.077,-36.114,21.772
0.933,-45.091,-101.219,-61.157,-14.155,64.687,-145.714,329.384,-643.277,775.677,86.137,-35.709,21.812
0.943,-45.090,-101.209,-60.980,-14.359,64.734,-145.912,329.230,-642.918,776.876,86.165,-35.502,21.833
0.953,-45.089,-101.189,-60.635,-14.769,64.819,-146.330,328.896,-642.231,779.179,86.233,-35.062,21.857
0.963,-45.087,-101.169,-60.281,-15.189,64.884,-146.757,328.454,-641.542,781.528,86.302,-34.615,21.861
0.973,-45.087,-101.161,-60.102,-15.393,64.908,-146.968,328.190,-641.215,782.719,86.330,-34.396,21.859
0.983,-45.085,-101.157,-59.738,-15.802,64.942,-147.385,327.688,-640.645,785.020,86.391,-33.962,21.838
0.993,-45.084,-101.156,-59.381,-16.202,64.968,-147.807,327.173,-640.114,787.223,86.457,-33.523,21.807
1.003,-45.084,-101.155,-59.208,-16.397,64.981,-148.031,326.901,-639.847,788.308,86.487,-33.291,21.792
1.013,-45.083,-101.154,-58.857,-16.800,65.013,-148.480,326.397,-639.315,790.453,86.560,-32.821,21.762
1.023,-45.082,-101.155,-58.508,-17.203,65.058,-148.926,325.959,-638.779,792.543,86.636,-32.352,21.744
1.033,-45.082,-101.156,-58.333,-17.406,65.086,-149.143,325.768,-638.498,793.585,86.674,-32.123,21.742
1.043,-45.080,-101.156,-57.992,-17.820,65.155,-149.584,325.464,-637.929,795.560,86.767,-31.651,21.742
1.053,-45.078,-101.153,-57.672,-18.220,65.230,-150.054,325.203,-637.370,797.396,86.865,-31.147,21.746
1.063,-45.077,-101.154,-57.512,-18.418,65.264,-150.291,325.062,-637.102,798.305,86.913,-30.893,21.745
1.073,-45.075,-101.154,-57.195,-18.813,65.318,-150.753,324.719,-636.590,800.088,87.010,-30.399,21.730
1.084,-45.073,-101.155,-56.886,-19.192,65.353,-151.209,324.302,-636.105,801.835,87.099,-29.913,21.702
1.093,-45.072,-101.156,-56.732,-19.381,65.365,-151.446,324.071,-635.874,802.699,87.144,-29.662,21.682
1.103,-45.071,-101.156,-56.444,-19.757,65.383,-151.936,323.597,-635.458,804.264,87.249,-29.137,21.629
1.113,-45.070,-101.156,-56.169,-20.123,65.399,-152.421,323.135,-635.073,805.721,87.356,-28.617,21.574
1.123,-45.070,-101.157,-56.037,-20.305,65.407,-152.652,322.933,-634.894,806.384,87.415,-28.365,21.546
1.133,-45.069,-101.158,-55.773,-20.670,65.427,-153.113,322.531,-634.539,807.704,87.533,-27.863,21.492
1.143,-45.069,-101.161,-55.505,-21.046,65.457,-153.631,322.156,-634.173,809.027,87.657,-27.301,21.446
1.154,-45.068,-101.162,-55.402,-21.189,65.471,-153.830,322.040,-634.027,809.524,87.705,-27.084,21.432
1.163,-45.067,-101.161,-55.175,-21.531,65.520,-154.291,321.825,-633.677,810.583,87.830,-26.577,21.409
1.173,-45.066,-101.159,-54.969,-21.858,65.589,-154.727,321.733,-633.332,811.500,87.958,-26.091,21.408
1.183,-45.066,-101.158,-54.872,-22.022,65.632,-154.943,321.744,-633.173,811.881,88.029,-25.847,21.413
1.193,-45.066,-101.159,-54.687,-22.347,65.724,-155.393,321.829,-632.872,812.561,88.177,-25.339,21.428
1.203,-45.066,-101.159,-54.512,-22.650,65.812,-155.837,321.888,-632.592,813.214,88.312,-24.842,21.445
1.213,-45.066,-101.160,-54.426,-22.801,65.853,-156.050,321.924,-632.457,813.521,88.381,-24.602,21.453
1.223,-45.064,-101.159,-54.253,-23.111,65.945,-156.488,322.037,-632.154,814.129,88.523,-24.107,21.477
1.233,-45.062,-101.159,-54.118,-23.357,66.036,-156.857,322.205,-631.893,814.598,88.637,-23.692,21.516
1.243,-45.061,-101.158,-54.046,-23.482,66.093,-157.064,322.322,-631.735,814.873,88.692,-23.462,21.548
1.253,-45.059,-101.157,-53.916,-23.740,66.215,-157.477,322.635,-631.452,815.257,88.820,-22.997,21.612
1.264,-45.058,-101.157,-53.800,-23.994,66.339,-157.869,323.002,-631.213,815.496,88.960,-22.548,21.676
1.286,-45.057,-101.158,-53.747,-24.118,66.406,-158.055,323.233,-631.102,815.560,89.032,-22.333,21.713
1.288,-45.054,-101.158,-53.653,-24.348,66.560,-158.416,323.797,-630.846,815.662,89.168,-21.917,21.814
1.293,-45.050,-101.157,-53.578,-24.572,66.732,-158.779,324.507,-630.592,815.606,89.315,-21.494,21.932
1.312,-45.046,-101.157,-53.546,-24.679,66.821,-158.962,324.907,-630.469,815.530,89.390,-21.280,21.996
1.319,-45.031,-101.157,-53.490,-24.896,67.012,-159.320,325.866,-630.193,815.282,89.549,-20.858,22.141
1.324,-45.004,-101.158,-53.444,-25.099,67.213,-159.653,327.042,-629.842,814.970,89.706,-20.463,22.312
1.334,-44.989,-101.159,-53.427,-25.200,67.316,-159.807,327.674,-629.669,814.754,89.789,-20.276,22.401
1.344,-44.961,-101.160,-53.398,-25.411,67.539,-160.100,329.017,-629.337,814.215,89.970,-19.912,22.588
1.353,-44.937,-101.158,-53.387,-25.624,67.783,-160.387,330.432,-629.020,813.524,90.166,-19.549,22.790
1.364,-44.926,-101.158,-53.383,-25.739,67.914,-160.533,331.202,-628.862,813.111,90.275,-19.362,22.897
1.373,-44.902,-101.157,-53.385,-25.969,68.184,-160.821,332.793,-628.563,812.191,90.502,-18.988,23.118
1.383,-44.884,-101.159,-53.385,-26.192,68.474,-161.098,334.423,-628.260,811.273,90.723,-18.630,23.357
1.394,-44.877,-101.160,-53.386,-26.302,68.621,-161.228,335.225,-628.118,810.804,90.833,-18.461,23.478
1.403,-44.869,-101.165,-53.388,-26.527,68.925,-161.467,336.829,-627.856,809.827,91.060,-18.142,23.722
1.413,-44.862,-101.170,-53.391,-26.764,69.240,-161.680,338.497,-627.592,808.761,91.301,-17.846,23.975
1.423,-44.857,-101.172,-53.392,-26.880,69.401,-161.782,339.356,-627.437,808.236,91.419,-17.704,24.107
1.433,-44.837,-101.177,-53.395,-27.119,69.726,-161.978,341.200,-627.065,807.154,91.662,-17.429,24.383
1.443,-44.808,-101.183,-53.394,-27.367,70.057,-162.178,343.162,-626.621,806.050,91.913,-17.150,24.674
1.453,-44.790,-101.185,-53.394,-27.499,70.227,-162.279,344.211,-626.365,805.470,92.045,-17.008,24.827
1.463,-44.745,-101.188,-53.394,-27.766,70.566,-162.475,346.376,-625.791,804.295,92.313,-16.730,25.140
1.474,-44.696,-101.190,-53.394,-28.031,70.909,-162.682,348.574,-625.160,803.141,92.577,-16.446,25.464
1.484,-44.670,-101.190,-53.394,-28.163,71.079,-162.783,349.680,-624.817,802.578,92.708,-16.308,25.628
1.550,-44.611,-101.190,-53.394,-28.434,71.422,-162.973,351.964,-624.083,801.422,92.976,-16.044,25.964
1.553,-44.554,-101.190,-53.395,-28.708,71.769,-163.154,354.248,-623.349,800.220,93.250,-15.791,26.301
1.569,-44.531,-101.190,-53.396,-28.847,71.944,-163.236,355.346,-623.006,799.599,93.390,-15.673,26.466
1.572,-44.497,-101.189,-53.396,-29.140,72.295,-163.386,357.402,-622.387,798.321,93.681,-15.449,26.781
1.573,-44.483,-101.189,-53.395,-29.461,72.642,-163.534,359.247,-621.908,796.909,94.001,-15.222,27.067
1.577,-44.480,-101.190,-53.396,-29.622,72.810,-163.602,360.100,-621.710,796.178,94.164,-15.114,27.198
1.584,-44.478,-101.191,-53.397,-29.980,73.176,-163.740,361.927,-621.291,794.553,94.524,-14.891,27.483
1.587,-44.476,-101.192,-53.398,-30.301,73.484,-163.871,363.481,-620.946,793.081,94.848,-14.685,27.720
1.589,-44.473,-101.195,-53.400,-30.479,73.652,-163.948,364.349,-620.763,792.238,95.030,-14.566,27.850
1.592,-44.464,-101.205,-53.403,-30.847,73.988,-164.103,366.186,-620.410,790.420,95.412,-14.327,28.112
1.593,-44.442,-101.221,-53.407,-31.256,74.312,-164.262,368.175,-620.065,788.339,95.840,-14.071,28.367
1.603,-44.423,-101.230,-53.409,-31.469,74.471,-164.349,369.259,-619.862,787.235,96.064,-13.934,28.499
1.614,-44.374,-101.251,-53.414,-31.914,74.781,-164.526,371.528,-619.418,784.905,96.533,-13.654,28.762
1.623,-44.317,-101.272,-53.420,-32.392,75.082,-164.686,373.855,-618.933,782.415,97.036,-13.383,29.019
1.633,-44.287,-101.285,-53.423,-32.639,75.225,-164.768,375.035,-618.705,781.104,97.297,-13.245,29.142
1.643,-44.219,-101.322,-53.423,-33.164,75.505,-164.923,377.518,-618.312,778.232,97.858,-12.967,29.379
1.653,-44.157,-101.367,-53.425,-33.712,75.769,-165.058,379.941,-618.030,775.137,98.450,-12.702,29.590
1.663,-44.130,-101.392,-53.425,-34.001,75.895,-165.122,381.094,-617.943,773.500,98.761,-12.570,29.682
1.673,-44.092,-101.445,-53.425,-34.586,76.135,-165.253,383.210,-617.909,770.140,99.395,-12.299,29.841
1.683,-44.055,-101.503,-53.426,-35.196,76.353,-165.379,385.253,-617.951,766.590,100.059,-12.026,29.974
1.693,-44.034,-101.537,-53.428,-35.554,76.472,-165.448,386.399,-618.000,764.477,100.450,-11.870,30.043
1.703,-43.999,-101.589,-53.431,-36.127,76.646,-165.562,388.142,-618.053,761.132,101.072,-11.618,30.143
1.713,-43.956,-101.641,-53.439,-36.795,76.822,-165.708,390.001,-618.077,757.304,101.790,-11.311,30.244
1.723,-43.929,-101.667,-53.446,-37.133,76.905,-165.784,390.965,-618.054,755.339,102.155,-11.152,30.296
1.733,-43.863,-101.721,-53.464,-37.839,77.050,-165.941,392.964,-618.001,751.168,102.921,-10.818,30.392
1.743,-43.777,-101.775,-53.500,-38.587,77.188,-166.113,395.160,-617.833,746.626,103.742,-10.454,30.499
1.753,-43.730,-101.803,-53.522,-38.970,77.258,-166.207,396.306,-617.732,744.236,104.168,-10.261,30.560
1.778,-43.627,-101.859,-53.569,-39.769,77.395,-166.393,398.663,-617.430,739.299,105.050,-9.871,30.687
1.812,-43.513,-101.909,-53.627,-40.625,77.523,-166.580,401.052,-617.014,734.027,105.993,-9.463,30.815
1.831,-43.452,-101.932,-53.664,-41.063,77.586,-166.674,402.269,-616.763,731.282,106.479,-9.256,30.884
1.832,-43.328,-101.964,-53.762,-41.965,77.720,-166.853,404.665,-616.128,725.558,107.488,-8.844,31.029
1.833,-43.203,-101.985,-53.881,-42.903,77.843,-167.037,406.920,-615.407,719.573,108.541,-8.416,31.169
1.834,-43.139,-101.990,-53.950,-43.380,77.900,-167.130,408.000,-614.995,716.517,109.077,-8.198,31.240
1.835,-43.001,-101.994,-54.098,-44.354,78.009,-167.316,410.151,-614.050,710.252,110.174,-7.755,31.389
1.838,-42.867,-102.000,-54.259,-45.358,78.123,-167.515,412.243,-613.061,703.682,111.313,-7.293,31.550
1.843,-42.787,-102.006,-54.352,-45.959,78.190,-167.634,413.454,-612.448,699.758,111.994,-7.019,31.651
1.855,-42.652,-102.022,-54.507,-46.893,78.291,-167.825,415.444,-611.420,693.464,113.067,-6.584,31.825
1.863,-42.493,-102.049,-54.677,-47.920,78.390,-168.044,417.661,-610.225,686.433,114.255,-6.096,32.030
1.873,-42.407,-102.063,-54.763,-48.423,78.436,-168.148,418.803,-609.558,682.961,114.839,-5.859,32.140
1.883,-42.231,-102.093,-54.936,-49.433,78.534,-168.343,421.098,-608.128,675.932,116.018,-5.401,32.371
1.893,-42.048,-102.130,-55.118,-50.416,78.631,-168.517,423.441,-606.617,668.855,117.187,-4.970,32.612
1.903,-41.954,-102.147,-55.212,-50.905,78.675,-168.592,424.589,-605.810,665.320,117.770,-4.764,32.732
1.913,-41.761,-102.182,-55.418,-51.855,78.753,-168.731,426.864,-604.158,658.188,118.927,-4.364,32.967
1.923,-41.555,-102.214,-55.633,-52.766,78.814,-168.859,429.133,-602.383,651.190,120.051,-3.977,33.207
1.933,-41.452,-102.231,-55.739,-53.202,78.842,-168.913,430.237,-601.488,647.790,120.593,-3.798,33.324
1.943,-41.261,-102.268,-55.948,-54.068,78.902,-168.994,432.278,-599.746,641.021,121.673,-3.467,33.539
1.953,-41.075,-102.312,-56.159,-54.910,78.976,-169.055,434.300,-597.981,634.247,122.743,-3.168,33.758
1.963,-40.966,-102.342,-56.280,-55.378,79.022,-169.092,435.495,-596.949,630.382,123.347,-2.999,33.893
1.973,-40.797,-102.390,-56.475,-56.081,79.097,-169.161,437.358,-595.324,624.396,124.271,-2.736,34.116
1.983,-40.616,-102.457,-56.685,-56.805,79.167,-169.235,439.365,-593.662,617.930,125.248,-2.454,34.352
1.993,-40.526,-102.498,-56.793,-57.139,79.196,-169.263,440.385,-592.897,614.718,125.717,-2.322,34.462
2.003,-40.336,-102.599,-57.035,-57.809,79.253,-169.294,442.631,-591.338,607.755,126.704,-2.069,34.678
2.013,-40.167,-102.705,-57.229,-58.332,79.311,-169.291,444.756,-590.023,601.907,127.510,-1.893,34.863
2.029,-40.071,-102.769,-57.333,-58.587,79.349,-169.288,446.026,-589.291,598.806,127.925,-1.809,34.973
2.033,-39.881,-102.901,-57.536,-59.053,79.444,-169.284,448.660,-587.815,592.785,128.715,-1.663,35.211
2.043,-39.699,-103.049,-57.742,-59.463,79.546,-169.282,451.339,-586.479,586.786,129.470,-1.532,35.448
2.053,-39.607,-103.129,-57.849,-59.650,79.594,-169.281,452.722,-585.835,583.761,129.839,-1.467,35.567
2.063,-39.407,-103.303,-58.090,-60.014,79.690,-169.278,455.720,-584.484,577.253,130.610,-1.331,35.818
2.073,-39.238,-103.463,-58.305,-60.253,79.767,-169.276,458.376,-583.448,571.785,131.217,-1.226,36.030
2.083,-39.149,-103.553,-58.429,-60.356,79.812,-169.274,459.838,-582.926,568.817,131.531,-1.176,36.145
2.093,-38.973,-103.737,-58.677,-60.516,79.911,-169.268,462.837,-581.916,563.014,132.121,-1.095,36.379
2.103,-38.807,-103.943,-58.918,-60.603,80.009,-169.263,465.921,-581.140,557.323,132.655,-1.029,36.602
2.113,-38.723,-104.064,-59.038,-60.618,80.053,-169.261,467.586,-580.860,554.385,132.910,-0.996,36.712
2.123,-38.553,-104.333,-59.274,-60.612,80.132,-169.254,471.090,-580.433,548.359,133.407,-0.928,36.926
2.133,-38.394,-104.608,-59.510,-60.596,80.209,-169.246,474.485,-580.098,542.289,133.900,-0.863,37.126
2.143,-38.323,-104.744,-59.631,-60.593,80.252,-169.241,476.082,-579.952,539.221,134.152,-0.832,37.221
2.153,-38.181,-105.022,-59.884,-60.586,80.346,-169.234,479.298,-579.635,532.859,134.677,-0.772,37.417
2.163,-38.041,-105.299,-60.150,-60.583,80.441,-169.229,482.439,-579.273,526.338,135.218,-0.707,37.612
2.173,-37.970,-105.439,-60.279,-60.582,80.486,-169.226,484.006,-579.074,523.107,135.485,-0.673,37.710
2.183,-37.819,-105.726,-60.523,-60.577,80.567,-169.223,487.201,-578.644,516.709,136.009,-0.603,37.907
2.193,-37.670,-106.016,-60.755,-60.574,80.647,-169.220,490.358,-578.191,510.385,136.527,-0.534,38.104
2.204,-37.597,-106.159,-60.870,-60.573,80.692,-169.218,491.911,-577.933,507.253,136.784,-0.504,38.204
2.213,-37.448,-106.454,-61.110,-60.566,80.795,-169.215,495.098,-577.362,500.765,137.315,-0.451,38.415
2.223,-37.299,-106.761,-61.358,-60.550,80.905,-169.212,498.335,-576.769,494.066,137.858,-0.402,38.631
2.233,-37.224,-106.913,-61.489,-60.537,80.961,-169.209,499.937,-576.451,490.661,138.131,-0.378,38.739
2.243,-37.068,-107.232,-61.728,-60.490,81.065,-169.204,503.272,-575.832,484.023,138.646,-0.335,38.956
2.254,-36.921,-107.553,-61.947,-60.429,81.175,-169.196,506.545,-575.271,477.612,139.131,-0.307,39.165
2.263,-36.854,-107.714,-62.052,-60.397,81.238,-169.191,508.131,-575.007,474.463,139.368,-0.300,39.268
2.273,-36.721,-108.053,-62.249,-60.341,81.369,-169.183,511.365,-574.498,468.003,139.858,-0.289,39.476
2.283,-36.586,-108.416,-62.443,-60.301,81.500,-169.177,514.639,-573.991,461.183,140.385,-0.269,39.686
2.293,-36.517,-108.609,-62.535,-60.285,81.565,-169.175,516.323,-573.743,457.650,140.659,-0.255,39.792
2.303,-36.378,-108.993,-62.702,-60.251,81.698,-169.172,519.687,-573.194,450.818,141.185,-0.236,40.010
2.313,-36.240,-109.388,-62.888,-60.203,81.837,-169.171,523.068,-572.619,443.651,141.731,-0.219,40.231
2.326,-36.188,-109.545,-62.959,-60.177,81.887,-169.171,524.359,-572.440,440.877,141.936,-0.210,40.311
2.333,-36.059,-109.927,-63.132,-60.107,82.000,-169.170,527.501,-571.977,434.131,142.428,-0.185,40.506
2.343,-35.920,-110.344,-63.285,-60.019,82.117,-169.170,530.916,-571.512,427.171,142.920,-0.165,40.713
2.353,-35.851,-110.548,-63.355,-59.970,82.177,-169.169,532.609,-571.256,423.849,143.149,-0.161,40.817
2.363,-35.710,-110.937,-63.493,-59.877,82.285,-169.168,535.865,-570.678,417.443,143.592,-0.146,41.019
2.373,-35.576,-111.347,-63.616,-59.813,82.372,-169.167,538.987,-570.216,410.806,144.065,-0.109,41.202
2.383,-35.516,-111.567,-63.676,-59.793,82.415,-169.167,540.491,-570.062,407.250,144.326,-0.083,41.286
2.393,-35.409,-112.017,-63.780,-59.751,82.505,-169.167,543.417,-569.879,400.175,144.841,-0.039,41.443
2.403,-35.311,-112.430,-63.873,-59.705,82.617,-169.166,546.161,-569.589,393.696,145.310,-0.025,41.603
2.414,-35.264,-112.634,-63.912,-59.676,82.677,-169.167,547.531,-569.444,390.592,145.529,-0.026,41.684
2.423,-35.184,-113.050,-63.996,-59.613,82.803,-169.167,550.142,-569.264,384.206,145.980,-0.029,41.834
2.433,-35.127,-113.513,-64.071,-59.534,82.946,-169.167,552.754,-569.367,377.313,146.453,-0.042,41.969
2.443,-35.106,-113.740,-64.114,-59.493,83.028,-169.168,553.972,-569.421,373.865,146.692,-0.058,42.034
2.453,-35.067,-114.193,-64.193,-59.406,83.213,-169.168,556.434,-569.467,367.057,147.160,-0.112,42.172
2.463,-35.022,-114.659,-64.265,-59.324,83.420,-169.168,559.006,-569.382,360.082,147.644,-0.183,42.325
2.473,-34.996,-114.904,-64.297,-59.278,83.534,-169.168,560.404,-569.291,356.496,147.890,-0.227,42.411
2.483,-34.945,-115.370,-64.374,-59.168,83.776,-169.168,563.127,-568.997,349.532,148.358,-0.335,42.585
2.493,-34.898,-115.846,-64.456,-59.037,84.042,-169.168,565.886,-568.668,342.429,148.824,-0.466,42.765
2.503,-34.882,-116.094,-64.501,-58.973,84.178,-169.168,567.199,-568.562,338.687,149.073,-0.532,42.848
2.513,-34.859,-116.597,-64.585,-58.845,84.480,-169.168,569.806,-568.318,331.140,149.577,-0.690,43.017
2.523,-34.844,-117.079,-64.673,-58.715,84.807,-169.167,572.286,-567.976,323.832,150.066,-0.877,43.188
2.533,-34.841,-117.319,-64.713,-58.643,84.977,-169.167,573.509,-567.827,320.232,150.301,-0.979,43.271
2.543,-34.840,-117.822,-64.788,-58.501,85.327,-169.167,575.946,-567.568,312.781,150.790,-1.188,43.432
2.553,-34.842,-118.311,-64.855,-58.371,85.684,-169.167,578.278,-567.235,305.543,151.271,-1.409,43.592
2.563,-34.845,-118.549,-64.888,-58.300,85.868,-169.167,579.418,-567.060,302.051,151.499,-1.528,43.669
2.573,-34.848,-119.023,-64.945,-58.138,86.238,-169.167,581.766,-566.698,295.225,151.925,-1.775,43.828
2.583,-34.847,-119.526,-64.990,-57.966,86.616,-169.167,584.258,-566.311,288.146,152.359,-2.030,43.990
2.593,-34.847,-119.771,-65.010,-57.881,86.806,-169.167,585.478,-566.097,284.711,152.569,-2.161,44.071
2.603,-34.850,-120.257,-65.047,-57.702,87.191,-169.167,587.869,-565.680,277.961,152.972,-2.431,44.227
2.613,-34.851,-120.807,-65.066,-57.506,87.613,-169.167,590.580,-565.220,270.539,153.409,-2.731,44.397
2.623,-34.851,-121.017,-65.068,-57.430,87.777,-169.167,591.621,-565.040,267.746,153.571,-2.849,44.462
2.633,-34.859,-121.509,-65.074,-57.236,88.181,-169.168,594.062,-564.619,261.260,153.937,-3.150,44.615
2.643,-34.878,-122.013,-65.074,-57.041,88.584,-169.168,596.389,-564.310,254.659,154.307,-3.449,44.752
2.653,-34.888,-122.283,-65.074,-56.941,88.784,-169.168,597.554,-564.183,251.103,154.507,-3.596,44.816
2.663,-34.909,-122.847,-65.083,-56.716,89.207,-169.167,599.971,-563.876,243.648,154.918,-3.910,44.950
2.673,-34.928,-123.362,-65.095,-56.519,89.593,-169.167,602.100,-563.525,236.746,155.306,-4.196,45.068
2.683,-34.935,-123.585,-65.100,-56.430,89.751,-169.167,603.005,-563.391,233.791,155.467,-4.314,45.116
2.693,-34.941,-124.119,-65.113,-56.217,90.121,-169.167,605.207,-562.956,226.664,155.855,-4.587,45.235
2.703,-34.940,-124.628,-65.138,-56.012,90.471,-169.167,607.260,-562.421,219.745,156.235,-4.846,45.348
2.713,-34.941,-124.881,-65.150,-55.916,90.634,-169.167,608.214,-562.182,216.291,156.427,-4.964,45.398
2.723,-34.939,-125.408,-65.171,-55.741,90.942,-169.167,610.037,-561.697,209.048,156.843,-5.179,45.488
2.733,-34.935,-125.958,-65.208,-55.565,91.252,-169.167,611.779,-561.122,201.318,157.298,-5.391,45.572
2.743,-34.937,-126.170,-65.224,-55.496,91.359,-169.167,612.367,-560.964,198.312,157.473,-5.463,45.596
2.754,-34.941,-126.695,-65.263,-55.340,91.601,-169.167,613.695,-560.595,190.860,157.913,-5.615,45.645
2.763,-34.938,-127.268,-65.302,-55.170,91.827,-169.167,615.045,-560.233,182.753,158.385,-5.749,45.686
2.775,-34.939,-127.481,-65.318,-55.097,91.903,-169.167,615.525,-560.144,179.752,158.551,-5.794,45.698
2.786,-34.944,-128.001,-65.355,-54.925,92.067,-169.167,616.537,-560.028,172.416,158.958,-5.881,45.713
2.793,-34.941,-128.600,-65.390,-54.741,92.202,-169.167,617.571,-559.943,164.001,159.425,-5.932,45.717
2.803,-34.939,-128.823,-65.407,-54.667,92.247,-169.167,617.928,-559.913,160.847,159.597,-5.946,45.717
2.813,-34.941,-129.370,-65.440,-54.475,92.341,-169.168,618.733,-559.980,153.219,159.995,-5.970,45.708
2.826,-34.941,-129.941,-65.472,-54.277,92.415,-169.168,619.470,-560.073,145.244,160.410,-5.972,45.692
2.833,-34.935,-130.211,-65.489,-54.167,92.439,-169.169,619.867,-560.112,141.521,160.588,-5.965,45.688
2.843,-34.931,-130.750,-65.530,-53.950,92.461,-169.169,620.429,-560.314,133.977,160.952,-5.926,45.662
2.853,-34.931,-131.310,-65.551,-53.712,92.455,-169.170,620.982,-560.729,126.389,161.290,-5.865,45.626
2.863,-34.928,-131.583,-65.573,-53.587,92.453,-169.170,621.236,-560.859,122.596,161.458,-5.835,45.612
2.873,-34.917,-132.115,-65.617,-53.320,92.454,-169.170,621.805,-561.067,115.244,161.766,-5.784,45.591
2.886,-34.912,-132.708,-65.668,-53.017,92.451,-169.171,622.309,-561.342,107.050,162.103,-5.725,45.563
2.896,-34.909,-132.937,-65.684,-52.897,92.449,-169.171,622.525,-561.443,103.931,162.226,-5.703,45.553
2.903,-34.896,-133.468,-65.729,-52.602,92.449,-169.171,623.060,-561.594,96.653,162.505,-5.656,45.538
2.913,-34.883,-134.004,-65.773,-52.301,92.447,-169.171,623.558,-561.728,89.333,162.780,-5.607,45.524
2.930,-34.879,-134.284,-65.794,-52.151,92.443,-169.171,623.754,-561.804,85.503,162.929,-5.579,45.513
2.936,-34.866,-134.817,-65.840,-51.822,92.436,-169.172,624.232,-561.952,78.262,163.176,-5.530,45.500
2.943,-34.857,-135.342,-65.887,-51.471,92.432,-169.171,624.701,-562.135,71.182,163.396,-5.489,45.486
2.956,-34.855,-135.611,-65.911,-51.289,92.428,-169.172,624.902,-562.265,67.574,163.503,-5.467,45.477
2.966,-34.850,-136.159,-65.957,-50.913,92.416,-169.171,625.281,-562.521,60.231,163.718,-5.419,45.457
2.974,-34.848,-136.731,-66.013,-50.492,92.400,-169.171,625.638,-562.820,52.573,163.920,-5.369,45.436
2.983,-34.851,-136.955,-66.029,-50.338,92.392,-169.172,625.724,-562.965,49.597,164.004,-5.347,45.424
2.993,-34.855,-137.511,-66.059,-49.953,92.372,-169.172,625.965,-563.321,42.288,164.200,-5.294,45.396
3.003,-34.850,-138.090,-66.090,-49.529,92.349,-169.172,626.320,-563.616,34.742,164.380,-5.241,45.378
3.013,-34.853,-138.317,-66.098,-49.368,92.343,-169.173,626.405,-563.762,31.799,164.452,-5.222,45.367
3.025,-34.862,-138.885,-66.109,-48.979,92.333,-169.173,626.596,-564.104,24.490,164.639,-5.180,45.339
3.033,-34.854,-139.437,-66.128,-48.597,92.333,-169.173,626.879,-564.158,17.317,164.825,-5.149,45.330
3.044,-34.854,-139.712,-66.141,-48.410,92.336,-169.173,626.927,-564.183,13.687,164.927,-5.134,45.321
3.053,-34.862,-140.284,-66.146,-48.030,92.335,-169.174,627.009,-564.377,6.332,165.121,-5.099,45.297
3.064,-34.859,-140.848,-66.148,-47.628,92.335,-169.174,627.243,-564.488,-0.828,165.282,-5.071,45.285
3.074,-34.859,-141.174,-66.161,-47.387,92.337,-169.174,627.291,-564.521,-5.059,165.381,-5.056,45.277
3.083,-34.870,-141.706,-66.171,-46.985,92.337,-169.174,627.326,-564.743,-11.829,165.518,-5.032,45.254
3.093,-34.880,-142.359,-66.173,-46.479,92.337,-169.175,627.431,-564.984,-20.039,165.667,-5.006,45.232
3.106,-34.884,-142.614,-66.181,-46.274,92.338,-169.175,627.436,-565.056,-23.284,165.723,-4.997,45.223
3.116,-34.902,-143.269,-66.191,-45.733,92.339,-169.175,627.432,-565.361,-31.492,165.846,-4.977,45.196
3.123,-34.930,-144.015,-66.187,-45.095,92.340,-169.174,627.418,-565.847,-40.674,165.949,-4.960,45.158
3.134,-34.942,-144.309,-66.190,-44.844,92.340,-169.174,627.343,-566.015,-44.327,165.995,-4.952,45.142
3.144,-34.968,-145.043,-66.183,-44.211,92.338,-169.173,627.249,-566.419,-53.325,166.087,-4.934,45.107
3.154,-34.983,-145.774,-66.174,-43.562,92.335,-169.174,627.236,-566.706,-62.230,166.159,-4.919,45.085
3.163,-34.990,-146.150,-66.177,-43.221,92.334,-169.173,627.179,-566.789,-66.862,166.197,-4.911,45.074
3.174,-35.010,-146.914,-66.174,-42.531,92.333,-169.174,626.994,-567.021,-76.178,166.266,-4.899,45.049
3.184,-35.034,-147.688,-66.177,-41.820,92.336,-169.174,626.661,-567.206,-85.666,166.332,-4.890,45.020
3.193,-35.039,-148.086,-66.171,-41.455,92.335,-169.174,626.570,-567.236,-90.473,166.358,-4.884,45.013
3.203,-35.035,-148.858,-66.170,-40.726,92.336,-169.174,626.455,-567.079,-99.836,166.400,-4.877,45.013
3.213,-35.031,-149.738,-66.166,-39.918,92.336,-169.174,626.124,-566.782,-110.560,166.468,-4.865,45.011
3.223,-35.031,-150.074,-66.166,-39.602,92.334,-169.174,625.974,-566.678,-114.625,166.486,-4.860,45.010
3.237,-35.024,-150.905,-66.164,-38.840,92.334,-169.174,625.511,-566.231,-124.766,166.553,-4.849,45.010
3.249,-35.017,-151.801,-66.157,-38.012,92.331,-169.173,624.933,-565.715,-135.610,166.612,-4.835,45.011
3.258,-35.015,-152.145,-66.157,-37.696,92.331,-169.173,624.639,-565.469,-139.818,166.641,-4.830,45.011
3.263,-35.011,-152.997,-66.146,-36.936,92.331,-169.173,623.821,-564.834,-150.167,166.721,-4.817,45.008
3.279,-35.010,-153.869,-66.139,-36.195,92.331,-169.174,622.678,-564.018,-160.871,166.844,-4.795,44.999
3.292,-35.007,-154.303,-66.130,-35.826,92.331,-169.174,622.123,-563.576,-166.155,166.899,-4.785,44.997
3.293,-35.006,-155.180,-66.124,-35.096,92.331,-169.174,620.727,-562.574,-176.942,167.038,-4.761,44.988
3.303,-35.003,-156.065,-66.104,-34.369,92.332,-169.176,619.268,-561.490,-187.734,167.175,-4.738,44.981
3.313,-35.003,-156.499,-66.103,-34.012,92.334,-169.176,618.423,-560.898,-193.092,167.251,-4.725,44.975
3.323,-35.000,-157.404,-66.078,-33.298,92.334,-169.177,616.663,-559.613,-204.124,167.414,-4.697,44.965
3.336,-35.001,-158.392,-66.052,-32.521,92.333,-169.177,614.518,-558.133,-216.166,167.597,-4.664,44.949
3.343,-35.001,-158.771,-66.029,-32.223,92.333,-169.177,613.759,-557.591,-220.679,167.654,-4.654,44.946
3.353,-35.005,-159.690,-65.995,-31.506,92.336,-169.178,611.593,-556.132,-231.780,167.820,-4.627,44.929
3.363,-35.003,-160.624,-65.936,-30.780,92.335,-169.178,609.477,-554.621,-242.854,167.966,-4.600,44.920
3.373,-35.004,-161.089,-65.918,-30.420,92.337,-169.178,608.262,-553.780,-248.445,168.053,-4.586,44.912
3.383,-35.000,-162.017,-65.856,-29.710,92.329,-169.177,605.934,-552.124,-259.419,168.207,-4.552,44.901
3.393,-35.003,-162.953,-65.814,-29.019,92.331,-169.177,603.166,-550.233,-270.643,168.407,-4.518,44.882
3.403,-35.001,-163.411,-65.783,-28.685,92.332,-169.177,601.864,-549.277,-276.053,168.498,-4.503,44.877
3.413,-35.003,-164.338,-65.751,-28.044,92.332,-169.177,598.692,-547.093,-287.292,168.749,-4.458,44.855
3.423,-35.002,-165.253,-65.710,-27.444,92.338,-169.177,595.423,-544.756,-298.358,169.022,-4.415,44.837
3.433,-35.001,-165.704,-65.706,-27.164,92.338,-169.177,593.587,-543.441,-303.937,169.187,-4.386,44.826
3.443,-34.998,-166.611,-65.683,-26.653,92.340,-169.177,589.740,-540.679,-315.133,169.555,-4.322,44.802
3.453,-34.991,-167.519,-65.680,-26.199,92.345,-169.177,585.425,-537.527,-326.556,170.000,-4.247,44.775
3.463,-34.988,-167.959,-65.675,-26.001,92.343,-169.177,583.224,-535.934,-332.100,170.235,-4.203,44.761
3.473,-34.981,-168.852,-65.687,-25.665,92.343,-169.177,578.256,-532.353,-343.582,170.796,-4.101,44.726
3.484,-34.979,-169.726,-65.687,-25.413,92.344,-169.177,573.058,-528.670,-354.830,171.408,-3.991,44.686
3.493,-34.978,-170.153,-65.693,-25.319,92.343,-169.177,570.291,-526.735,-360.411,171.744,-3.929,44.663
3.503,-34.977,-171.019,-65.686,-25.194,92.342,-169.177,564.540,-522.689,-371.662,172.467,-3.796,44.616
3.513,-34.976,-171.879,-65.689,-25.160,92.342,-169.176,558.281,-518.290,-382.996,173.284,-3.646,44.564
3.523,-34.975,-172.295,-65.687,-25.169,92.341,-169.176,555.139,-516.089,-388.467,173.701,-3.568,44.538
3.533,-34.973,-173.113,-65.694,-25.204,92.342,-169.176,548.732,-511.574,-399.236,174.548,-3.412,44.488
3.543,-34.973,-173.914,-65.689,-25.241,92.341,-169.176,542.396,-507.143,-409.621,175.369,-3.258,44.440
3.555,-34.972,-174.296,-65.693,-25.262,92.341,-169.176,539.287,-504.958,-414.560,175.768,-3.184,44.418
3.563,-34.972,-175.071,-65.690,-25.304,92.341,-169.176,532.961,-500.522,-424.466,176.569,-3.033,44.375
3.573,-34.971,-175.800,-65.690,-25.342,92.341,-169.176,526.891,-496.267,-433.699,177.324,-2.892,44.337
3.583,-34.971,-176.160,-65.691,-25.355,92.341,-169.176,523.874,-494.151,-438.211,177.692,-2.822,44.319
3.593,-34.971,-176.914,-65.683,-25.368,92.341,-169.176,517.602,-489.776,-447.527,178.439,-2.680,44.283
3.604,-34.970,-177.526,-65.689,-25.368,92.341,-169.176,512.385,-486.107,-455.050,179.047,-2.565,44.256
3.613,-34.970,-177.860,-65.687,-25.366,92.341,-169.176,509.563,-484.130,-459.093,179.371,-2.504,44.242
3.623,-34.971,-178.494,-65.683,-25.366,92.341,-169.176,504.117,-480.334,-466.733,179.991,-2.385,44.215
3.633,-34.970,-179.112,-65.689,-25.367,92.341,-169.176,498.669,-476.513,-474.156,-179.394,-2.268,44.190
3.643,-34.971,-179.423,-65.686,-25.366,92.341,-169.176,495.961,-474.632,-477.825,-179.094,-2.210,44.178
3.653,-34.971,-180.001,-65.683,-25.368,92.341,-169.176,490.840,-471.050,-484.631,-178.526,-2.101,44.157
3.663,-34.970,-180.553,-65.689,-25.369,92.341,-169.176,485.832,-467.538,-491.102,-177.977,-1.996,44.138
3.673,-34.971,-180.829,-65.685,-25.368,92.341,-169.176,483.369,-465.830,-494.286,-177.711,-1.945,44.127
3.683,-34.969,-181.332,-65.678,-25.369,92.341,-169.176,478.854,-462.643,-500.058,-177.222,-1.851,44.113
3.693,-34.967,-181.797,-65.689,-25.370,92.341,-169.176,474.500,-459.567,-505.415,-176.754,-1.760,44.101
3.703,-34.967,-182.022,-65.689,-25.369,92.341,-169.176,472.420,-458.114,-507.972,-176.534,-1.718,44.094
3.713,-34.964,-182.461,-65.679,-25.368,92.341,-169.176,468.460,-455.298,-512.888,-176.114,-1.637,44.085
3.723,-34.960,-182.845,-65.685,-25.370,92.341,-169.176,464.825,-452.710,-517.224,-175.728,-1.562,44.077
3.733,-34.959,-183.022,-65.690,-25.370,92.341,-169.176,463.122,-451.498,-519.221,-175.550,-1.527,44.075
3.743,-34.957,-183.376,-65.686,-25.369,92.341,-169.176,459.823,-449.172,-523.135,-175.207,-1.461,44.067
3.753,-34.956,-183.713,-65.683,-25.368,92.341,-169.176,456.659,-446.940,-526.845,-174.879,-1.397,44.060
3.764,-34.955,-183.872,-65.681,-25.367,92.341,-169.176,455.166,-445.882,-528.586,-174.725,-1.368,44.057
3.773,-34.956,-184.151,-65.680,-25.368,92.341,-169.176,452.500,-444.028,-531.630,-174.453,-1.315,44.050
3.783,-34.956,-184.395,-65.692,-25.369,92.341,-169.176,450.035,-442.310,-534.327,-174.201,-1.266,44.044
3.793,-34.956,-184.517,-65.698,-25.368,92.341,-169.176,448.805,-441.448,-535.675,-174.075,-1.241,44.042
3.803,-34.955,-184.765,-65.694,-25.366,92.341,-169.176,446.455,-439.798,-538.335,-173.838,-1.195,44.037
3.813,-34.955,-184.990,-65.686,-25.366,92.341,-169.176,444.340,-438.319,-540.731,-173.625,-1.154,44.033
3.823,-34.956,-185.094,-65.685,-25.365,92.341,-169.176,443.335,-437.626,-541.842,-173.525,-1.134,44.030
3.833,-34.957,-185.287,-65.687,-25.365,92.341,-169.176,441.422,-436.305,-543.914,-173.333,-1.097,44.025
3.843,-34.957,-185.466,-65.693,-25.366,92.341,-169.176,439.612,-435.031,-545.842,-173.151,-1.061,44.022
3.853,-34.957,-185.549,-65.696,-25.366,92.341,-169.176,438.758,-434.445,-546.738,-173.066,-1.045,44.020
3.863,-34.957,-185.711,-65.697,-25.366,92.341,-169.176,437.171,-433.333,-548.449,-172.907,-1.014,44.017
3.873,-34.957,-185.867,-65.694,-25.366,92.341,-169.176,435.663,-432.271,-550.092,-172.757,-0.985,44.015
3.883,-34.956,-185.946,-65.694,-25.366,92.341,-169.176,434.890,-431.725,-550.921,-172.680,-0.969,44.015
3.893,-34.955,-186.103,-65.688,-25.364,92.341,-169.176,433.396,-430.670,-552.561,-172.532,-0.941,44.013
3.903,-34.955,-186.236,-65.687,-25.365,92.341,-169.176,432.086,-429.752,-553.952,-172.402,-0.915,44.011
3.914,-34.955,-186.293,-65.691,-25.366,92.341,-169.176,431.475,-429.324,-554.566,-172.341,-0.904,44.010
3.923,-34.955,-186.397,-65.695,-25.366,92.341,-169.176,430.404,-428.579,-555.662,-172.235,-0.883,44.008
3.933,-34.955,-186.493,-65.693,-25.366,92.341,-169.176,429.472,-427.924,-556.656,-172.143,-0.865,44.007
3.943,-34.955,-186.540,-65.691,-25.365,92.341,-169.176,429.030,-427.609,-557.138,-172.100,-0.856,44.007
3.953,-34.955,-186.622,-65.688,-25.365,92.341,-169.176,428.229,-427.050,-557.990,-172.021,-0.841,44.006
3.963,-34.956,-186.689,-65.692,-25.365,92.341,-169.176,427.526,-426.568,-558.692,-171.952,-0.828,44.004
3.973,-34.956,-186.719,-65.692,-25.366,92.341,-169.176,427.219,-426.361,-559.000,-171.922,-0.822,44.003
3.983,-34.957,-186.769,-65.691,-25.366,92.341,-169.176,426.713,-426.015,-559.525,-171.873,-0.813,44.001
3.993,-34.957,-186.800,-65.688,-25.365,92.341,-169.176,426.435,-425.829,-559.833,-171.847,-0.807,44.000
4.003,-34.958,-186.806,-65.688,-25.366,92.341,-169.176,426.375,-425.793,-559.889,-171.841,-0.806,44.000
4.013,-34.958,-186.806,-65.688,-25.366,92.341,-169.176,426.368,-425.791,-559.896,-171.840,-0.806,44.000
4.023,-34.958,-186.805,-65.684,-25.366,92.341,-169.176,426.418,-425.819,-559.872,-171.845,-0.807,44.000
4.033,-34.957,-186.803,-65.683,-25.365,92.341,-169.176,426.457,-425.835,-559.846,-171.849,-0.808,44.001
4.045,-34.956,-186.797,-65.679,-25.365,92.341,-169.176,426.560,-425.899,-559.771,-171.859,-0.809,44.002
4.053,-34.955,-186.784,-65.668,-25.364,92.341,-169.176,426.807,-426.056,-559.602,-171.883,-0.814,44.003
4.064,-34.955,-186.773,-65.660,-25.364,92.341,-169.176,426.988,-426.182,-559.468,-171.902,-0.818,44.004
4.073,-34.954,-186.742,-65.645,-25.363,92.341,-169.176,427.448,-426.493,-559.101,-171.948,-0.827,44.005
4.083,-34.954,-186.713,-65.621,-25.363,92.341,-169.176,427.970,-426.853,-558.724,-172.001,-0.837,44.006
4.093,-34.954,-186.695,-65.607,-25.363,92.341,-169.176,428.266,-427.061,-558.503,-172.031,-0.843,44.007
4.103,-34.953,-186.664,-65.577,-25.364,92.341,-169.176,428.866,-427.471,-558.081,-172.091,-0.855,44.008
4.113,-34.952,-186.632,-65.544,-25.363,92.341,-169.176,429.494,-427.897,-557.655,-172.154,-0.867,44.010
4.123,-34.951,-186.614,-65.532,-25.364,92.341,-169.176,429.790,-428.097,-557.428,-172.184,-0.873,44.011
4.133,-34.950,-186.574,-65.499,-25.363,92.341,-169.176,430.511,-428.579,-556.909,-172.256,-0.887,44.014
4.143,-34.949,-186.521,-65.482,-25.363,92.341,-169.176,431.208,-429.060,-556.299,-172.326,-0.901,44.016
4.153,-34.949,-186.491,-65.474,-25.363,92.341,-169.176,431.571,-429.316,-555.966,-172.362,-0.908,44.016
4.163,-34.949,-186.436,-65.460,-25.363,92.341,-169.176,432.252,-429.795,-555.341,-172.430,-0.921,44.017
4.173,-34.950,-186.389,-65.441,-25.363,92.341,-169.176,432.901,-430.251,-554.785,-172.496,-0.934,44.018
4.183,-34.950,-186.366,-65.430,-25.363,92.341,-169.176,433.221,-430.483,-554.515,-172.529,-0.940,44.018
4.193,-34.951,-186.326,-65.411,-25.363,92.341,-169.176,433.791,-430.884,-554.037,-172.587,-0.951,44.019
4.203,-34.951,-186.288,-65.387,-25.363,92.341,-169.176,434.395,-431.306,-553.556,-172.648,-0.963,44.020
4.213,-34.950,-186.269,-65.376,-25.362,92.341,-169.176,434.689,-431.509,-553.321,-172.678,-0.969,44.020
4.223,-34.951,-186.228,-65.355,-25.362,92.341,-169.176,435.291,-431.932,-552.820,-172.739,-0.981,44.021
4.233,-34.950,-186.189,-65.335,-25.362,92.341,-169.176,435.852,-432.322,-552.354,-172.796,-0.992,44.022
4.243,-34.950,-186.174,-65.327,-25.361,92.341,-169.176,436.080,-432.481,-552.168,-172.819,-0.997,44.023
4.253,-34.950,-186.155,-65.317,-25.361,92.341,-169.176,436.369,-432.682,-551.929,-172.849,-1.003,44.023
4.263,-34.950,-186.137,-65.314,-25.360,92.341,-169.176,436.575,-432.824,-551.737,-172.870,-1.007,44.024
4.273,-34.950,-186.129,-65.314,-25.360,92.341,-169.176,436.659,-432.878,-551.650,-172.878,-1.008,44.024
4.285,-34.951,-186.123,-65.311,-25.360,92.341,-169.176,436.733,-432.941,-551.578,-172.886,-1.010,44.023
4.293,-34.951,-186.125,-65.310,-25.359,92.341,-169.176,436.731,-432.951,-551.587,-172.887,-1.010,44.023
4.303,-34.951,-186.127,-65.310,-25.360,92.341,-169.176,436.699,-432.927,-551.615,-172.883,-1.009,44.023
4.313,-34.952,-186.133,-65.313,-25.361,92.341,-169.176,436.596,-432.867,-551.695,-172.873,-1.007,44.022
4.323,-34.954,-186.143,-65.317,-25.361,92.341,-169.176,436.460,-432.792,-551.803,-172.860,-1.005,44.020
4.334,-34.954,-186.149,-65.319,-25.363,92.341,-169.176,436.372,-432.730,-551.879,-172.851,-1.003,44.020
4.345,-34.954,-186.162,-65.323,-25.363,92.341,-169.176,436.205,-432.618,-552.029,-172.834,-1.000,44.019
4.353,-34.954,-186.172,-65.323,-25.363,92.341,-169.176,436.108,-432.544,-552.133,-172.824,-0.998,44.019
4.363,-34.954,-186.176,-65.322,-25.363,92.341,-169.176,436.074,-432.520,-552.178,-172.821,-0.997,44.019
4.373,-34.953,-186.183,-65.321,-25.361,92.341,-169.176,436.027,-432.476,-552.247,-172.816,-0.996,44.020
4.383,-34.952,-186.185,-65.323,-25.361,92.341,-169.176,436.001,-432.448,-552.267,-172.813,-0.996,44.021
4.393,-34.952,-186.186,-65.324,-25.362,92.341,-169.176,435.979,-432.432,-552.283,-172.811,-0.995,44.021
4.403,-34.952,-186.187,-65.326,-25.362,92.341,-169.176,435.949,-432.412,-552.302,-172.807,-0.995,44.021
4.413,-34.953,-186.188,-65.327,-25.362,92.341,-169.176,435.921,-432.404,-552.316,-172.805,-0.994,44.020
4.423,-34.954,-186.188,-65.327,-25.362,92.341,-169.176,435.920,-432.414,-552.310,-172.806,-0.994,44.019
4.433,-34.956,-186.186,-65.326,-25.362,92.341,-169.176,435.936,-432.449,-552.289,-172.809,-0.995,44.017
4.443,-34.958,-186.184,-65.325,-25.361,92.341,-169.176,435.946,-432.485,-552.267,-172.812,-0.995,44.015
4.453,-34.959,-186.183,-65.325,-25.361,92.341,-169.176,435.946,-432.498,-552.259,-172.813,-0.995,44.014
4.463,-34.960,-186.182,-65.324,-25.361,92.341,-169.176,435.958,-432.524,-552.242,-172.815,-0.996,44.013
4.473,-34.961,-186.182,-65.324,-25.361,92.341,-169.176,435.956,-432.528,-552.239,-172.815,-0.996,44.012
4.484,-34.960,-186.182,-65.324,-25.361,92.341,-169.176,435.958,-432.527,-552.242,-172.816,-0.996,44.012
4.493,-34.959,-186.183,-65.324,-25.361,92.341,-169.176,435.959,-432.514,-552.248,-172.815,-0.996,44.014
4.505,-34.958,-186.184,-65.324,-25.361,92.341,-169.176,435.956,-432.495,-552.260,-172.813,-0.996,44.015
4.513,-34.957,-186.185,-65.325,-25.361,92.341,-169.176,435.943,-432.474,-552.276,-172.811,-0.995,44.016
4.523,-34.956,-186.187,-65.326,-25.362,92.341,-169.176,435.919,-432.442,-552.300,-172.808,-0.994,44.017
4.533,-34.955,-186.188,-65.327,-25.362,92.341,-169.176,435.898,-432.419,-552.318,-172.805,-0.994,44.017
4.543,-34.955,-186.188,-65.327,-25.362,92.341,-169.176,435.900,-432.417,-552.318,-172.805,-0.994,44.017
4.553,-34.956,-186.187,-65.327,-25.362,92.341,-169.176,435.908,-432.428,-552.309,-172.806,-0.994,44.017
4.563,-34.956,-186.186,-65.326,-25.361,92.341,-169.176,435.937,-432.455,-552.285,-172.809,-0.995,44.017
4.573,-34.957,-186.185,-65.325,-25.361,92.341,-169.176,435.947,-432.469,-552.273,-172.811,-0.995,44.016
4.583,-34.958,-186.183,-65.324,-25.361,92.341,-169.176,435.967,-432.499,-552.252,-172.814,-0.996,44.015
4.593,-34.959,-186.183,-65.324,-25.361,92.341,-169.176,435.961,-432.512,-552.248,-172.815,-0.996,44.014
4.603,-34.960,-186.182,-65.324,-25.361,92.341,-169.176,435.954,-432.515,-552.247,-172.814,-0.996,44.013
4.613,-34.960,-186.183,-65.325,-25.361,92.341,-169.176,435.940,-432.509,-552.256,-172.813,-0.996,44.013
4.623,-34.960,-186.184,-65.325,-25.361,92.341,-169.176,435.927,-432.496,-552.268,-172.812,-0.995,44.013
4.633,-34.959,-186.185,-65.326,-25.361,92.341,-169.176,435.921,-432.486,-552.275,-172.810,-0.995,44.013
4.643,-34.958,-186.186,-65.325,-25.362,92.341,-169.176,435.919,-432.468,-552.288,-172.809,-0.995,44.015
4.654,-34.957,-186.187,-65.327,-25.362,92.341,-169.176,435.909,-432.443,-552.303,-172.807,-0.995,44.016
4.663,-34.956,-186.187,-65.327,-25.362,92.341,-169.176,435.908,-432.437,-552.307,-172.807,-0.994,44.017
4.673,-34.955,-186.187,-65.327,-25.362,92.341,-169.176,435.911,-432.428,-552.308,-172.806,-0.994,44.018
4.683,-34.955,-186.186,-65.326,-25.362,92.341,-169.176,435.928,-432.438,-552.296,-172.808,-0.995,44.018
4.693,-34.956,-186.186,-65.326,-25.362,92.341,-169.176,435.931,-432.449,-552.290,-172.809,-0.995,44.017
4.703,-34.956,-186.184,-65.325,-25.361,92.341,-169.176,435.956,-432.474,-552.268,-172.812,-0.995,44.017
4.713,-34.958,-186.184,-65.324,-25.361,92.341,-169.176,435.956,-432.489,-552.261,-172.813,-0.996,44.015
4.723,-34.958,-186.183,-65.324,-25.361,92.341,-169.176,435.954,-432.495,-552.257,-172.813,-0.996,44.015
4.733,-34.959,-186.184,-65.325,-25.361,92.341,-169.176,435.939,-432.499,-552.261,-172.812,-0.996,44.013
4.743,-34.960,-186.184,-65.326,-25.361,92.341,-169.176,435.922,-432.491,-552.271,-172.811,-0.995,44.013
4.753,-34.960,-186.184,-65.326,-25.361,92.341,-169.176,435.921,-432.489,-552.273,-172.811,-0.995,44.014
4.763,-34.959,-186.185,-65.326,-25.361,92.341,-169.176,435.913,-432.477,-552.283,-172.809,-0.995,44.014
4.773,-34.958,-186.186,-65.326,-25.362,92.341,-169.176,435.918,-432.468,-552.286,-172.809,-0.995,44.015
4.783,-34.958,-186.186,-65.326,-25.361,92.341,-169.176,435.918,-432.463,-552.289,-172.809,-0.995,44.015
4.795,-34.957,-186.186,-65.326,-25.362,92.341,-169.176,435.921,-432.455,-552.292,-172.808,-0.995,44.016
4.803,-34.956,-186.186,-65.326,-25.362,92.341,-169.176,435.922,-432.447,-552.294,-172.808,-0.995,44.016
4.813,-34.956,-186.186,-65.326,-25.362,92.341,-169.176,435.924,-432.448,-552.292,-172.808,-0.995,44.017
4.823,-34.956,-186.186,-65.326,-25.362,92.341,-169.176,435.931,-432.453,-552.287,-172.809,-0.995,44.017
4.833,-34.956,-186.185,-65.325,-25.361,92.341,-169.176,435.945,-432.467,-552.277,-172.811,-0.995,44.017
4.843,-34.957,-186.185,-65.325,-25.361,92.341,-169.176,435.947,-432.475,-552.272,-172.812,-0.995,44.016
4.853,-34.958,-186.184,-65.325,-25.361,92.341,-169.176,435.947,-432.481,-552.270,-172.812,-0.995,44.015
4.863,-34.958,-186.185,-65.326,-25.361,92.341,-169.176,435.929,-432.480,-552.275,-172.811,-0.995,44.015
4.873,-34.959,-186.185,-65.326,-25.361,92.341,-169.176,435.924,-432.483,-552.275,-172.811,-0.995,44.014
4.883,-34.959,-186.185,-65.326,-25.361,92.341,-169.176,435.913,-432.478,-552.282,-172.810,-0.995,44.014
4.893,-34.959,-186.185,-65.326,-25.361,92.341,-169.176,435.919,-432.481,-552.278,-172.810,-0.995,44.014
4.903,-34.959,-186.185,-65.326,-25.361,92.341,-169.176,435.920,-432.481,-552.278,-172.810,-0.995,44.014
4.913,-34.958,-186.185,-65.326,-25.361,92.341,-169.176,435.927,-432.474,-552.279,-172.810,-0.995,44.015
4.923,-34.957,-186.185,-65.325,-25.362,92.341,-169.176,435.932,-432.467,-552.280,-172.810,-0.995,44.016
4.933,-34.957,-186.185,-65.325,-25.361,92.341,-169.176,435.936,-432.466,-552.280,-172.810,-0.995,44.016
4.943,-34.956,-186.186,-65.326,-25.361,92.341,-169.176,435.933,-432.456,-552.287,-172.809,-0.995,44.017
4.953,-34.956,-186.186,-65.326,-25.362,92.341,-169.176,435.931,-432.453,-552.287,-172.809,-0.995,44.017
4.963,-34.956,-186.186,-65.326,-25.361,92.341,-169.176,435.934,-432.456,-552.285,-172.810,-0.995,44.017
4.973,-34.957,-186.186,-65.326,-25.361,92.341,-169.176,435.932,-432.462,-552.284,-172.810,-0.995,44.016
4.983,-34.958,-186.185,-65.326,-25.361,92.341,-169.176,435.925,-432.469,-552.283,-172.810,-0.995,44.015
4.994,-34.958,-186.185,-65.326,-25.361,92.341,-169.176,435.925,-432.470,-552.283,-172.810,-0.995,44.015
5.003,-34.959,-186.185,-65.326,-25.361,92.341,-169.176,435.919,-432.477,-552.280,-172.810,-0.995,44.014
5.013,-34.959,-186.185,-65.326,-25.361,92.341,-169.176,435.923,-432.482,-552.276,-172.810,-0.995,44.014
5.023,-34.959,-186.184,-65.326,-25.361,92.341,-169.176,435.922,-432.483,-552.274,-172.810,-0.995,44.014
5.033,-34.958,-186.184,-65.325,-25.361,92.341,-169.176,435.937,-432.483,-552.269,-172.811,-0.995,44.015
5.044,-34.958,-186.184,-65.325,-25.361,92.341,-169.176,435.941,-432.485,-552.269,-172.812,-0.995,44.015
5.053,-34.958,-186.184,-65.325,-25.361,92.341,-169.176,435.943,-432.483,-552.269,-172.812,-0.995,44.015
5.063,-34.957,-186.185,-65.325,-25.361,92.341,-169.176,435.935,-432.467,-552.280,-172.810,-0.995,44.015
5.074,-34.957,-186.186,-65.326,-25.361,92.341,-169.176,435.930,-432.459,-552.287,-172.809,-0.995,44.016
5.083,-34.957,-186.186,-65.326,-25.361,92.341,-169.176,435.923,-432.457,-552.291,-172.809,-0.995,44.016
5.093,-34.957,-186.186,-65.326,-25.362,92.341,-169.176,435.919,-432.451,-552.294,-172.808,-0.994,44.016
5.103,-34.957,-186.186,-65.326,-25.361,92.341,-169.176,435.916,-432.454,-552.294,-172.808,-0.995,44.016
5.113,-34.957,-186.186,-65.326,-25.362,92.341,-169.176,435.919,-432.457,-552.290,-172.808,-0.995,44.016
5.123,-34.958,-186.186,-65.326,-25.361,92.341,-169.176,435.922,-432.464,-552.286,-172.809,-0.995,44.015
5.133,-34.958,-186.185,-65.326,-25.361,92.341,-169.176,435.920,-432.471,-552.282,-172.810,-0.995,44.014
5.145,-34.958,-186.185,-65.326,-25.361,92.341,-169.176,435.921,-432.474,-552.280,-172.810,-0.995,44.014
5.153,-34.959,-186.184,-65.326,-25.361,92.341,-169.176,435.929,-432.484,-552.271,-172.811,-0.995,44.014
5.163,-34.959,-186.184,-65.325,-25.361,92.341,-169.176,435.940,-432.494,-552.265,-172.813,-0.995,44.014
5.173,-34.958,-186.184,-65.325,-25.361,92.341,-169.176,435.942,-432.489,-552.265,-172.812,-0.995,44.014
5.183,-34.958,-186.184,-65.325,-25.361,92.341,-169.176,435.937,-432.482,-552.271,-172.811,-0.995,44.015
5.193,-34.958,-186.185,-65.326,-25.361,92.341,-169.176,435.928,-432.467,-552.283,-172.810,-0.995,44.015
5.203,-34.957,-186.186,-65.326,-25.361,92.341,-169.176,435.927,-432.460,-552.286,-172.809,-0.995,44.016
5.213,-34.957,-186.186,-65.327,-25.361,92.341,-169.176,435.915,-432.449,-552.297,-172.808,-0.995,44.016
5.223,-34.957,-186.187,-65.326,-25.361,92.341,-169.176,435.914,-432.448,-552.298,-172.808,-0.995,44.016
5.233,-34.957,-186.186,-65.326,-25.362,92.341,-169.176,435.917,-432.450,-552.296,-172.808,-0.994,44.016
5.243,-34.957,-186.186,-65.326,-25.361,92.341,-169.176,435.919,-432.457,-552.292,-172.809,-0.995,44.016
5.253,-34.958,-186.185,-65.326,-25.361,92.341,-169.176,435.927,-432.467,-552.283,-172.810,-0.995,44.015
5.263,-34.958,-186.185,-65.326,-25.361,92.341,-169.176,435.925,-432.474,-552.281,-172.810,-0.995,44.015
5.273,-34.958,-186.184,-65.326,-25.361,92.341,-169.176,435.932,-432.483,-552.273,-172.811,-0.995,44.015
5.283,-34.958,-186.184,-65.325,-25.361,92.341,-169.176,435.936,-432.485,-552.269,-172.811,-0.995,44.014
5.294,-34.958,-186.184,-65.325,-25.361,92.341,-169.176,435.936,-432.486,-552.270,-172.812,-0.995,44.014
5.303,-34.958,-186.184,-65.325,-25.361,92.341,-169.176,435.941,-432.487,-552.266,-172.812,-0.995,44.015
5.314,-34.958,-186.184,-65.325,-25.361,92.341,-169.176,435.936,-432.480,-552.272,-172.811,-0.995,44.015
5.323,-34.958,-186.185,-65.326,-25.361,92.341,-169.176,435.932,-432.472,-552.277,-172.810,-0.995,44.015
5.333,-34.957,-186.186,-65.326,-25.361,92.341,-169.176,435.921,-432.460,-552.287,-172.809,-0.995,44.015
5.344,-34.957,-186.186,-65.326,-25.361,92.341,-169.176,435.914,-432.454,-552.296,-172.808,-0.994,44.016
5.354,-34.957,-186.186,-65.326,-25.362,92.341,-169.176,435.914,-432.453,-552.295,-172.808,-0.995,44.016
5.364,-34.957,-186.186,-65.326,-25.362,92.341,-169.176,435.922,-432.454,-552.292,-172.808,-0.995,44.016
5.374,-34.957,-186.186,-65.326,-25.361,92.341,-169.176,435.922,-432.459,-552.289,-172.809,-0.995,44.016
5.384,-34.957,-186.186,-65.326,-25.361,92.341,-169.176,435.926,-432.461,-552.286,-172.809,-0.995,44.015
5.394,-34.958,-186.185,-65.326,-25.361,92.341,-169.176,435.930,-432.472,-552.280,-172.810,-0.995,44.015
5.403,-34.958,-186.185,-65.326,-25.361,92.341,-169.176,435.929,-432.477,-552.275,-172.810,-0.995,44.015
5.416,-34.958,-186.185,-65.326,-25.361,92.341,-169.176,435.929,-432.478,-552.277,-172.811,-0.995,44.014
5.423,-34.958,-186.184,-65.326,-25.361,92.341,-169.176,435.930,-432.480,-552.273,-172.811,-0.995,44.015
5.433,-34.958,-186.184,-65.326,-25.361,92.341,-169.176,435.932,-432.482,-552.272,-172.811,-0.995,44.015
5.443,-34.958,-186.184,-65.326,-25.361,92.341,-169.176,435.929,-432.479,-552.274,-172.811,-0.995,44.015
5.454,-34.958,-186.185,-65.326,-25.361,92.341,-169.176,435.928,-432.470,-552.281,-172.810,-0.995,44.015
5.463,-34.957,-186.185,-65.326,-25.361,92.341,-169.176,435.924,-432.464,-552.284,-172.809,-0.995,44.015
5.473,-34.957,-186.186,-65.326,-25.361,92.341,-169.176,435.924,-432.464,-552.286,-172.809,-0.995,44.015
5.483,-34.957,-186.186,-65.326,-25.361,92.341,-169.176,435.920,-432.459,-552.290,-172.809,-0.995,44.016
5.493,-34.957,-186.186,-65.326,-25.361,92.341,-169.176,435.925,-432.461,-552.289,-172.809,-0.995,44.016
5.503,-34.957,-186.186,-65.326,-25.362,92.341,-169.176,435.922,-432.459,-552.289,-172.809,-0.995,44.015
5.514,-34.958,-186.185,-65.326,-25.361,92.341,-169.176,435.925,-432.467,-552.283,-172.810,-0.995,44.015
5.528,-34.958,-186.185,-65.326,-25.361,92.341,-169.176,435.924,-432.468,-552.283,-172.810,-0.995,44.015
5.534,-34.958,-186.185,-65.326,-25.361,92.341,-169.176,435.921,-432.470,-552.284,-172.810,-0.995,44.015
5.543,-34.958,-186.185,-65.326,-25.361,92.341,-169.176,435.921,-432.472,-552.282,-172.810,-0.995,44.015
5.554,-34.958,-186.185,-65.326,-25.361,92.341,-169.176,435.926,-432.476,-552.279,-172.810,-0.995,44.015
5.564,-34.958,-186.185,-65.326,-25.362,92.341,-169.176,435.925,-432.472,-552.278,-172.810,-0.995,44.014
5.578,-34.958,-186.185,-65.326,-25.361,92.341,-169.176,435.925,-432.474,-552.279,-172.810,-0.995,44.015
5.585,-34.958,-186.185,-65.326,-25.361,92.341,-169.176,435.933,-432.476,-552.275,-172.811,-0.995,44.015
5.595,-34.958,-186.185,-65.326,-25.361,92.341,-169.176,435.930,-432.471,-552.278,-172.810,-0.995,44.015
5.603,-34.958,-186.185,-65.326,-25.361,92.341,-169.176,435.926,-432.468,-552.282,-172.810,-0.995,44.015
5.613,-34.957,-186.186,-65.326,-25.361,92.341,-169.176,435.923,-432.462,-552.286,-172.809,-0.995,44.016
5.626,-34.957,-186.186,-65.326,-25.361,92.341,-169.176,435.924,-432.462,-552.286,-172.809,-0.995,44.015
5.633,-34.958,-186.186,-65.326,-25.361,92.341,-169.176,435.920,-432.462,-552.289,-172.809,-0.995,44.015
5.643,-34.957,-186.186,-65.326,-25.361,92.341,-169.176,435.918,-432.459,-552.290,-172.809,-0.995,44.015
5.653,-34.958,-186.186,-65.326,-25.361,92.341,-169.176,435.915,-432.460,-552.292,-172.808,-0.995,44.015
5.663,-34.958,-186.186,-65.326,-25.361,92.341,-169.176,435.916,-432.463,-552.290,-172.809,-0.995,44.015
5.673,-34.958,-186.186,-65.326,-25.361,92.341,-169.176,435.917,-432.468,-552.286,-172.809,-0.995,44.015
5.683,-34.958,-186.185,-65.326,-25.361,92.341,-169.176,435.919,-432.469,-552.284,-172.809,-0.995,44.015
5.693,-34.958,-186.185,-65.326,-25.361,92.341,-169.176,435.925,-432.474,-552.278,-172.810,-0.995,44.015
5.703,-34.958,-186.185,-65.326,-25.361,92.341,-169.176,435.930,-432.476,-552.277,-172.810,-0.995,44.015
5.713,-34.958,-186.184,-65.326,-25.361,92.341,-169.176,435.936,-432.479,-552.273,-172.811,-0.995,44.015
5.723,-34.958,-186.184,-65.326,-25.361,92.341,-169.176,435.935,-432.476,-552.273,-172.811,-0.995,44.015
5.733,-34.957,-186.185,-65.326,-25.361,92.341,-169.176,435.931,-432.468,-552.281,-172.810,-0.995,44.015
5.743,-34.957,-186.185,-65.326,-25.361,92.341,-169.176,435.929,-432.466,-552.281,-172.810,-0.995,44.015
5.753,-34.957,-186.186,-65.326,-25.362,92.341,-169.176,435.924,-432.460,-552.286,-172.809,-0.995,44.016
5.763,-34.957,-186.186,-65.326,-25.362,92.341,-169.176,435.921,-432.458,-552.290,-172.809,-0.995,44.016
5.773,-34.957,-186.186,-65.326,-25.361,92.341,-169.176,435.918,-432.459,-552.292,-172.809,-0.995,44.015
5.784,-34.958,-186.186,-65.327,-25.361,92.341,-169.176,435.911,-432.458,-552.293,-172.808,-0.995,44.015
5.793,-34.958,-186.186,-65.326,-25.360,92.341,-169.176,435.919,-432.465,-552.289,-172.810,-0.995,44.015
5.803,-34.958,-186.186,-65.326,-25.360,92.341,-169.176,435.920,-432.467,-552.287,-172.810,-0.995,44.015
5.815,-34.958,-186.185,-65.326,-25.360,92.341,-169.176,435.926,-432.475,-552.282,-172.811,-0.995,44.015
5.827,-34.958,-186.185,-65.326,-25.360,92.341,-169.176,435.931,-432.474,-552.279,-172.811,-0.995,44.015
5.833,-34.958,-186.185,-65.326,-25.359,92.341,-169.176,435.935,-432.479,-552.276,-172.812,-0.995,44.015
5.843,-34.958,-186.184,-65.326,-25.359,92.341,-169.176,435.941,-432.482,-552.271,-172.812,-0.996,44.015
5.853,-34.958,-186.185,-65.326,-25.360,92.341,-169.176,435.938,-432.477,-552.275,-172.812,-0.995,44.015
5.863,-34.958,-186.185,-65.326,-25.360,92.341,-169.176,435.939,-432.475,-552.274,-172.812,-0.995,44.016
5.873,-34.957,-186.185,-65.326,-25.360,92.341,-169.176,435.932,-432.469,-552.281,-172.811,-0.995,44.016
5.883,-34.957,-186.186,-65.326,-25.360,92.341,-169.176,435.929,-432.466,-552.285,-172.811,-0.995,44.016
5.893,-34.958,-186.186,-65.326,-25.360,92.341,-169.176,435.925,-432.467,-552.286,-172.810,-0.995,44.016
5.903,-34.958,-186.186,-65.326,-25.360,92.341,-169.176,435.921,-432.463,-552.290,-172.810,-0.995,44.015
5.913,-34.958,-186.186,-65.326,-25.360,92.341,-169.176,435.922,-432.466,-552.288,-172.810,-0.995,44.015
5.923,-34.958,-186.186,-65.326,-25.360,92.341,-169.176,435.919,-432.464,-552.289,-172.810,-0.995,44.015
5.933,-34.958,-186.186,-65.326,-25.360,92.341,-169.176,435.917,-432.468,-552.289,-172.810,-0.995,44.015
5.943,-34.958,-186.186,-65.326,-25.360,92.341,-169.176,435.924,-432.473,-552.284,-172.811,-0.995,44.015
5.953,-34.958,-186.185,-65.326,-25.360,92.341,-169.176,435.928,-432.474,-552.282,-172.811,-0.995,44.015
5.963,-34.958,-186.185,-65.326,-25.360,92.342,-169.176,435.936,-432.474,-552.277,-172.811,-0.996,44.015
5.973,-34.958,-186.185,-65.325,-25.360,92.352,-169.176,435.967,-432.437,-552.275,-172.810,-1.006,44.014
5.983,-34.958,-186.185,-65.325,-25.360,92.369,-169.176,436.010,-432.379,-552.274,-172.807,-1.022,44.012
5.993,-34.958,-186.185,-65.325,-25.360,92.416,-169.176,436.133,-432.199,-552.277,-172.797,-1.068,44.006
6.003,-34.958,-186.185,-65.325,-25.360,92.463,-169.176,436.253,-432.015,-552.284,-172.788,-1.114,44.000
6.013,-34.958,-186.185,-65.326,-25.360,92.477,-169.176,436.288,-431.961,-552.287,-172.785,-1.128,43.999
6.023,-34.957,-186.186,-65.326,-25.360,92.474,-169.175,436.285,-431.965,-552.289,-172.786,-1.124,43.999
6.033,-34.957,-186.186,-65.326,-25.360,92.463,-169.163,436.254,-431.997,-552.292,-172.787,-1.112,43.988
6.043,-34.956,-186.186,-65.326,-25.360,92.461,-169.140,436.245,-431.995,-552.292,-172.787,-1.107,43.966
6.053,-34.957,-186.186,-65.326,-25.361,92.461,-169.088,436.232,-431.981,-552.294,-172.785,-1.100,43.913
6.063,-34.958,-186.186,-65.326,-25.360,92.461,-169.048,436.232,-431.977,-552.286,-172.785,-1.095,43.873
6.073,-34.958,-186.186,-65.326,-25.360,92.461,-169.045,436.227,-431.978,-552.287,-172.785,-1.095,43.870
6.083,-34.958,-186.185,-65.326,-25.360,92.461,-169.060,436.233,-431.989,-552.282,-172.786,-1.097,43.885
6.093,-34.958,-186.185,-65.325,-25.359,92.461,-169.072,436.246,-431.998,-552.276,-172.788,-1.099,43.897
6.103,-34.958,-186.185,-65.325,-25.360,92.461,-169.074,436.248,-431.997,-552.274,-172.787,-1.099,43.899
6.113,-34.958,-186.185,-65.325,-25.360,92.461,-169.073,436.250,-431.996,-552.274,-172.788,-1.099,43.898
6.123,-34.958,-186.185,-65.326,-25.360,92.461,-169.072,436.247,-431.990,-552.277,-172.787,-1.099,43.898
6.133,-34.958,-186.185,-65.326,-25.360,92.461,-169.072,436.245,-431.990,-552.278,-172.787,-1.099,43.898
6.143,-34.958,-186.185,-65.326,-25.360,92.461,-169.072,436.241,-431.990,-552.281,-172.786,-1.099,43.897
6.153,-34.958,-186.186,-65.325,-25.360,92.461,-169.072,436.239,-431.989,-552.284,-172.786,-1.099,43.898
6.163,-34.958,-186.186,-65.326,-25.360,92.461,-169.072,436.234,-431.984,-552.287,-172.786,-1.098,43.898
6.173,-34.958,-186.186,-65.326,-25.360,92.461,-169.073,436.235,-431.985,-552.288,-172.786,-1.099,43.898
6.183,-34.957,-186.186,-65.326,-25.360,92.461,-169.073,436.236,-431.980,-552.289,-172.785,-1.099,43.898
6.193,-34.957,-186.186,-65.326,-25.360,92.461,-169.073,436.238,-431.983,-552.287,-172.786,-1.099,43.898
6.203,-34.957,-186.186,-65.326,-25.360,92.461,-169.073,436.240,-431.982,-552.285,-172.786,-1.099,43.898
6.213,-34.957,-186.185,-65.326,-25.360,92.461,-169.073,436.241,-431.986,-552.283,-172.786,-1.099,43.898
6.223,-34.958,-186.185,-65.326,-25.360,92.461,-169.072,436.238,-431.988,-552.283,-172.786,-1.099,43.898
6.233,-34.958,-186.185,-65.326,-25.360,92.461,-169.072,436.240,-431.997,-552.278,-172.787,-1.099,43.897
6.243,-34.958,-186.185,-65.326,-25.360,92.461,-169.072,436.237,-431.997,-552.279,-172.787,-1.099,43.897
6.253,-34.958,-186.185,-65.326,-25.360,92.461,-169.072,436.238,-431.997,-552.278,-172.787,-1.099,43.897
6.263,-34.958,-186.185,-65.326,-25.360,92.461,-169.072,436.242,-431.997,-552.277,-172.787,-1.099,43.897
6.273,-34.958,-186.185,-65.326,-25.360,92.461,-169.072,436.241,-431.990,-552.281,-172.786,-1.099,43.897
6.283,-34.957,-186.185,-65.326,-25.360,92.461,-169.072,436.243,-431.987,-552.282,-172.786,-1.099,43.898
6.293,-34.957,-186.185,-65.326,-25.360,92.461,-169.072,436.241,-431.983,-552.283,-172.786,-1.099,43.898
6.305,-34.957,-186.186,-65.326,-25.360,92.461,-169.072,436.243,-431.980,-552.285,-172.786,-1.099,43.898
6.313,-34.957,-186.186,-65.326,-25.360,92.461,-169.072,436.240,-431.981,-552.285,-172.786,-1.099,43.898
6.323,-34.958,-186.186,-65.326,-25.360,92.461,-169.072,436.234,-431.984,-552.287,-172.785,-1.099,43.897
6.333,-34.958,-186.186,-65.326,-25.360,92.461,-169.072,436.234,-431.986,-552.287,-172.786,-1.099,43.897
6.343,-34.958,-186.186,-65.326,-25.360,92.461,-169.072,436.234,-431.990,-552.285,-172.786,-1.099,43.897
6.353,-34.958,-186.185,-65.326,-25.360,92.461,-169.072,436.236,-431.991,-552.283,-172.786,-1.099,43.897
6.363,-34.958,-186.185,-65.326,-25.360,92.461,-169.072,436.240,-431.992,-552.280,-172.787,-1.099,43.897
6.373,-34.958,-186.185,-65.326,-25.360,92.461,-169.072,436.241,-431.993,-552.279,-172.787,-1.099,43.897
6.383,-34.958,-186.185,-65.325,-25.360,92.461,-169.072,436.244,-431.990,-552.280,-172.787,-1.099,43.898
6.394,-34.958,-186.185,-65.326,-25.360,92.461,-169.072,436.245,-431.993,-552.277,-172.787,-1.099,43.897
6.403,-34.958,-186.185,-65.326,-25.360,92.461,-169.072,436.241,-431.990,-552.281,-172.786,-1.099,43.897
6.418,-34.958,-186.185,-65.326,-25.360,92.461,-169.073,436.242,-431.992,-552.279,-172.787,-1.099,43.898
